<?xml version="1.0" encoding="UTF-8"?>
<beans xmlns="http://www.springframework.org/schema/beans"
	xmlns:xsi="http://www.w3.org/2001/XMLSchema-instance"
	xmlns:p="http://www.springframework.org/schema/p"
	xmlns:context="http://www.springframework.org/schema/context"
	xmlns:aop="http://www.springframework.org/schema/aop" 
	xmlns:mvc="http://www.springframework.org/schema/mvc"
	xmlns:cache="http://www.springframework.org/schema/cache"
	xsi:schemaLocation="
	    http://www.springframework.org/schema/beans http://www.springframework.org/schema/beans/spring-beans-3.0.xsd
	    http://www.springframework.org/schema/context http://www.springframework.org/schema/context/spring-context-3.0.xsd
		http://www.springframework.org/schema/aop http://www.springframework.org/schema/aop/spring-aop-2.0.xsd
	    http://www.springframework.org/schema/mvc http://www.springframework.org/schema/mvc/spring-mvc-3.0.xsd
	    http://www.springframework.org/schema/cache http://www.springframework.org/schema/cache/spring-cache.xsd">

    <context:component-scan base-package="com.btc" />
    <mvc:annotation-driven />
    
    <!-- cache config -->
    <!--<cache:annotation-driven />-->
    <bean id="messageSource" class="org.springframework.context.support.ReloadableResourceBundleMessageSource">
        <property name="basename" value="/META-INF/messages" />
        <property name="cacheSeconds" value="1000000" />
    </bean>
    
    <bean name="viewResolver" class="org.springframework.web.servlet.view.InternalResourceViewResolver">
        <property name="viewClass">  
            <value>org.springframework.web.servlet.view.JstlView</value>  
        </property>
        <property name="prefix">
            <value>/WEB-INF/views/</value>
        </property>
        <property name="suffix">
            <value>.jsp</value>
        </property>
    </bean>
    
    <bean id="jacksonObjectMapper" class="org.codehaus.jackson.map.ObjectMapper" /> 
    
    <bean id="localeResolver" class="org.springframework.web.servlet.i18n.CookieLocaleResolver" />
    
    <bean class="org.springframework.web.servlet.mvc.annotation.AnnotationMethodHandlerAdapter">
      <property name="messageConverters">
        <list>
          <bean class="org.springframework.http.converter.json.MappingJacksonHttpMessageConverter">
            <property name="objectMapper" ref="jacksonObjectMapper" />
          </bean>
        </list>
      </property>
    </bean>

    <bean id="restJsonMarshalView" class="org.springframework.web.servlet.view.json.MappingJacksonJsonView">
      <property name="objectMapper" ref="jacksonObjectMapper"/>
      <property name="renderedAttributes">
        <list>
          <value>response</value>
        </list>
      </property>
    </bean>
    
    <bean id="multipartResolver" class="org.springframework.web.multipart.commons.CommonsMultipartResolver">  
	    <property name="maxUploadSize">
	        <value>1000000000</value>
	    </property>
	</bean>  
</beans>